bids_name	cjv	cnr	efc	fber	fwhm_avg	fwhm_x	fwhm_y	fwhm_z	icvs_csf	icvs_gm	icvs_wm	inu_med	inu_range	qi_1	qi_2	rpve_csf	rpve_gm	rpve_wm	size_x	size_y	size_z	snr_csf	snr_gm	snr_total	snr_wm	snrd_csf	snrd_gm	snrd_total	snrd_wm	spacing_x	spacing_y	spacing_z	summary_bg_k	summary_bg_mad	summary_bg_mean	summary_bg_median	summary_bg_n	summary_bg_p05	summary_bg_p95	summary_bg_stdv	summary_csf_k	summary_csf_mad	summary_csf_mean	summary_csf_median	summary_csf_n	summary_csf_p05	summary_csf_p95	summary_csf_stdv	summary_gm_k	summary_gm_mad	summary_gm_mean	summary_gm_median	summary_gm_n	summary_gm_p05	summary_gm_p95	summary_gm_stdv	summary_wm_k	summary_wm_mad	summary_wm_mean	summary_wm_median	summary_wm_n	summary_wm_p05	summary_wm_p95	summary_wm_stdv	tpm_overlap_csf	tpm_overlap_gm	tpm_overlap_wm	wm2max
sub-01_ses-retest_T1w	0.5728043540269923	2.296304509293221	0.6054271457448506	142.7363739013672	3.952900150225171	4.29762	3.8160602274549142	3.7450202232206	0.27205887950508073	0.3627733735068651	0.36516774698805415	0.9926837682723999	0.5546253144741058	0.00015911974319457098	0.07351701619359384	19.024422096151216	12.777551128361447	16.430087427553012	160	192	192	3.549958450398993	6.995364877914642	8.672933181059927	15.47347621486614	7.050184451930376	11.981363339896813	11.938793550725189	16.784832860348384	1.0	1.3333332538604736	1.3333332538604736	4.89532272487543	39.03252042392458	39.71537399291992	26.48177719116211	1727342.0	0.0	104.54482994079588	30.73729133605957	0.6603656897421697	106.0247902307696	410.3868713378906	420.0445556640625	13886.0	181.87363815307617	582.5386657714844	118.31953430175781	-0.09659283369469396	103.5243468407704	721.1781005859375	713.8403930664062	4651.0	565.9692077636719	901.8511352539062	102.03379821777344	0.6165146229483551	60.40481953770345	1002.5255737304688	1000.0274047851562	116175.0	899.9785278320312	1112.7630615234375	64.62821197509766	0.16390733420848846	0.4316467046737671	0.5233494639396667	0.44448538355645345
sub-01_ses-test_T1w	0.4560258158816375	2.8237849291141544	0.5706132366616563	158.471923828125	3.921391428952558	4.26955	3.7849134023936752	3.709710884463998	0.27221418375496587	0.3626496733192814	0.3651361429257528	1.3754717111587524	0.5811382293701173	0.0001474707290331395	0.07316859689198789	18.93960625887571	12.759017728428212	16.371988857408954	160	192	192	3.593034918119331	8.095039217213374	9.645352412498385	17.247983102162447	7.6473302618166885	14.227743414311657	14.085795977274591	20.382314255695427	1.0	1.3333330154418945	1.3333330154418945	4.347101224212722	32.143653590092825	32.655799865722656	21.766132354736328	1871443.0	0.0	86.64024505615234	25.281572341918945	0.760811795967336	94.00914262457884	366.45355224609375	375.2091064453125	13077.0	162.47539367675782	519.6871826171875	104.42279815673828	0.0015321390529621226	84.76070545795726	702.6929931640625	698.0709228515625	4708.0	566.5246978759766	852.160610961914	86.22525024414062	1.0187355877060513	52.94461746269555	1001.2776489257812	1000.0391845703125	116544.0	908.5281829833984	1097.7039489746091	57.97981643676758	0.1627863198518753	0.43327248096466064	0.5258611440658569	0.45440127686760984
sub-02_ses-retest_T1w	0.35771775346872675	3.415416010175934	0.5574291600373135	839.336669921875	3.4923542988052545	3.82631	3.357817700141531	3.2929351962742324	0.23748864304384534	0.4090394563096426	0.353471900646512	0.8225423097610474	0.36328887939453125	0.017084122307551255	0.062881708504799	23.2669164554141	13.361638330615127	19.464076102661533	160	192	192	1.8237696910896515	7.635208832642566	10.129960785686633	20.930903833327683	8.678949705370195	14.657392829233803	15.218964540599194	22.320551087193582	1.0	1.3333332538604736	1.3333332538604736	76.64413974237307	29.35177590818352	23.95257568359375	19.8481388092041	1800758.0	0.0	59.55313491821289	20.645893096923828	86.1784998188181	110.98844002267502	368.4560852050781	388.8390197753906	8152.0	97.2325553894043	525.1258392333984	213.19313049316406	0.2643475890793807	80.96814310567525	661.5039672851562	656.6884765625	5683.0	530.8723388671875	816.7320800781249	86.00035858154297	1.1736929516202084	41.84672813898061	997.0579833984375	1000.0174560546875	92468.0	912.5670288085937	1069.2968627929688	47.77682113647461	0.1732921302318573	0.45979633927345276	0.5243915915489197	0.4934662194931924
sub-02_ses-test_T1w	0.3160103089090145	4.035965700088547	0.5131362934258148	1049.1654052734375	3.45281385685059	3.77107	3.3138307900788284	3.2735407804729415	0.23099503512023245	0.41578611685825634	0.3532188480215112	1.2538037300109863	0.36396139264106764	0.02030627721946763	0.06258890400736965	23.545676203515413	13.164763661747108	19.219913596000616	160	192	192	1.1928477060473093	8.639713146397677	10.56866694813906	21.873439991972187	9.233855714213869	18.45127300845715	18.808537475839127	28.74048370484636	1.0	1.3333330154418945	1.3333330154418945	222.5205332615922	22.794897409870707	19.49199104309082	15.421122550964355	1918180.0	0.0	46.2748607635498	16.045429229736328	67.1292083572044	108.14996803238117	323.1624755859375	321.283935546875	7835.0	92.8353500366211	459.9484100341797	269.32476806640625	0.007250025991161202	73.6482923515232	642.1433715820312	641.9959106445312	6598.0	520.9587799072266	767.6825927734374	74.30191802978516	1.38787389590144	39.48469051638891	996.5985107421875	1000.0	93062.0	914.7739990234375	1064.0484008789062	45.71730041503906	0.17239312827587128	0.4576689600944519	0.5220231413841248	0.5819452747190381
sub-03_ses-retest_T1w	0.3349974241041182	3.8279181159348132	0.584172288789265	289.7674560546875	3.753100974887072	4.13467	3.6324902165132893	3.4921427081479255	0.22531389954737535	0.41693309984689936	0.3577530006057253	2.7674038410186768	0.853715944290161	0.000460934763517115	0.06179902180841806	20.547607989669864	11.278893958801337	16.16193964100567	160	192	192	1.1196430505325525	8.177622787060285	9.993821114744255	20.684197506639926	10.244139929584048	19.637019489980567	20.176974414757506	30.649763824707904	1.0	1.3333332538604736	1.3333332538604736	7.2106170613854825	21.3750689823874	23.440305709838867	14.704021453857422	1813853.0	0.0	58.080989837646484	18.32542610168457	30.48179851297531	87.9942152891255	357.2572021484375	334.2345275878906	9669.0	110.57811889648438	472.0121704101563	298.5033874511719	0.14530801032737095	77.06771565058206	643.8270263671875	640.695068359375	9584.0	519.1855194091797	780.4841918945312	78.34326171875	0.9741981826447845	43.30078049176731	996.9727783203125	1000.0067749023438	112478.0	911.3168548583984	1070.09775390625	48.34619903564453	0.16537581384181976	0.4689859449863434	0.5086086988449097	0.530323263688678
sub-03_ses-test_T1w	0.33036710968421756	3.878626442156182	0.5620745647881878	229.7851104736328	3.771423903275467	4.14274	3.6521933707507537	3.519338339075646	0.22390494556655716	0.4184703626394453	0.35762469179399753	1.2637887001037598	0.44828158617019653	0.0004370875527766372	0.06128815153446514	20.67492433226543	11.26864195658135	16.176571082625415	160	192	192	1.1363633140936038	8.421447123459368	10.017508901544957	20.4947162670819	9.592793877059567	17.31133514427259	17.975005713040947	27.02088811779068	1.0	1.3333330154418945	1.3333330154418945	6.697539179980419	24.245594531310786	26.81791114807129	16.53601837158203	1918989.0	0.0	65.72330169677734	20.38277816772461	30.21878984986258	94.46589523065228	373.8220520019531	355.0146179199219	9908.0	107.22166442871094	496.72203826904286	312.3971862792969	-0.08225547971735292	76.22343594485346	642.05322265625	640.666015625	9966.0	519.3670654296875	770.0057220458984	76.07170867919922	1.2341776012002708	42.489258476657554	996.9446411132812	1000.001708984375	112602.0	910.196435546875	1070.202947998047	48.792930603027344	0.16680949926376343	0.47187453508377075	0.5108972191810608	0.5324147744243569
sub-04_ses-retest_T1w	0.3623920740370952	3.4751078818765357	0.6403199299820149	204.1538543701172	3.7915043083288857	4.24442	3.5781227132727333	3.551970211713923	0.22776593622647878	0.4186581823489624	0.3535758814245588	1.2131556272506714	0.539613664150238	0.0014573247878484727	0.051282808810097134	20.87076929672261	11.453293381228438	16.650024182076812	160	192	192	1.223400412547783	8.785888054805808	9.676663217956454	19.020701186515776	8.448087106301998	15.288924371049921	15.57596477737494	22.990882854772902	1.0	1.3333332538604736	1.3333332538604736	1467.1481273961276	28.49576066929987	32.14763641357422	19.36577796936035	1018723.0	0.0	77.1097785949707	28.296772003173828	33.480924298046126	94.21003232947889	390.52337646484375	367.45733642578125	9736.0	115.24794960021973	519.8157958984375	300.3419494628906	0.12908943086702296	74.53238803479954	666.8681640625	665.005859375	8758.0	544.3740844726562	793.6149749755859	75.68590545654297	0.8904814740986882	46.87032812435284	997.45751953125	1000.0096435546875	106818.0	904.6564697265625	1078.8438110351562	52.57455825805664	0.16233117878437042	0.4474964141845703	0.48330339789390564	0.46478861346140476
sub-04_ses-test_T1w	0.34982523758379663	3.632782795855193	0.5623685492579171	238.32843017578125	3.794469733130868	4.25564	3.578925853282416	3.5488433461101883	0.22993690687519439	0.4158279461024224	0.3542351470223832	1.3701635599136353	0.5382951259613038	0.001291403793130445	0.05064453521182342	20.849723041122683	11.563978749890278	16.76401829675224	160	192	192	1.2810481580007076	9.17556962110293	9.893818234448199	19.22483692424096	8.752614803605217	16.475891059971186	16.690251176329074	24.84224766541082	1.0	1.3333330154418945	1.3333330154418945	1418.4189377353669	26.372211703133427	29.657373428344727	17.91889762878418	1145579.0	0.0	71.38948822021484	25.783376693725586	35.044315918242205	90.353787035835	373.3940124511719	352.33245849609375	9104.0	117.7233039855957	493.6029693603516	275.0194091796875	-0.0035218113381776384	71.37946031273647	663.8421020507812	663.2293701171875	8162.0	544.3398071289063	782.7957977294922	72.27766418457031	0.9184205458796915	46.43601725107905	997.735107421875	1000.01318359375	106355.0	906.7315979003906	1078.4921142578125	52.01648712158203	0.1617938131093979	0.4451349973678589	0.4829874038696289	0.4851800993803176
sub-05_ses-retest_T1w	0.30364719023053577	4.26269029425138	0.5820484200059598	902.89697265625	3.7478293099540063	4.0316	3.640507716991169	3.571380212870849	0.21688109053814764	0.42240558759248825	0.3607133218693641	1.1503643989562988	0.43570303320884696	0.00030590971596371284	0.06974780770921374	20.814560733275364	11.044758008399693	15.778794007793644	160	192	192	1.7804268649592634	9.178838191357766	10.87077980614449	21.653074362116442	8.979420150340529	16.732868678588606	17.337764434564296	26.30100447476375	1.0	1.3333332538604736	1.3333332538604736	11.668300149102388	24.909333663846265	24.580339431762695	16.828372955322266	1549845.0	0.0	50.63446731567383	18.623971939086914	70.43197371300103	85.49960855947138	342.5712890625	341.41192626953125	13401.0	124.5785140991211	476.7514953613281	191.75131225585938	0.0984260631315439	69.00855458605459	636.2095947265625	636.21044921875	14160.0	523.9708648681641	750.7820526123047	69.31029510498047	1.033510915613964	41.45702925873193	997.819580078125	1000.0062866210938	114553.0	918.1381103515625	1069.0533447265625	46.18290710449219	0.17712938785552979	0.47216618061065674	0.5157998204231262	0.5524310791164236
sub-05_ses-test_T1w	0.2826856038609699	4.620890913881582	0.5232122045559682	1031.956787109375	3.742369739303527	4.02167	3.6327233661087432	3.572715851801837	0.2175375091906925	0.42055212065723985	0.3619103701520677	1.2454527616500854	0.3758391737937927	0.0002854122970355616	0.07019210746098936	20.881557966092	11.121400970171171	15.828391922416241	160	192	192	1.6923198979038745	9.483101781850516	11.049929499333182	21.97436681824515	9.265100866711968	17.987960419248267	18.713318173414013	28.886893234281803	1.0	1.3333330154418945	1.3333330154418945	2.5777678960994193	22.679353309401062	22.43769645690918	15.332290649414062	1667595.0	0.0	46.14773139953613	16.86204719543457	72.59080925963569	80.91764920687605	325.9033203125	320.7370300292969	12589.0	122.53262939453126	454.88594970703116	189.5175323486328	0.05259532343370221	66.27830966200419	622.2839965820312	622.702880859375	13627.0	514.7447204589844	729.8256042480467	65.66206359863281	1.0756524377428498	40.37801626718769	996.0068359375	999.99951171875	114326.0	913.8036651611328	1063.1425476074219	45.507347106933594	0.17446455359458923	0.4662996530532837	0.5139892101287842	0.5957479959542243
sub-06_ses-retest_T1w	0.27509729504781005	4.635398985927276	0.5370883375832152	886.3990478515625	3.632650971495567	3.94402	3.4964702084058645	3.457462706080837	0.2049875446597903	0.45260817678383075	0.34240427855637895	1.258175253868103	0.4468500852584838	0.015382663774243693	0.060644600126440774	28.78283717089093	13.853602466725398	21.640974945171795	160	192	192	0.9178048007620354	8.762024301750811	9.527379361445284	18.90230898182301	7.6987432816536625	15.172354634158513	16.14259943137741	25.55670037832006	1.0	1.3333332538604736	1.3333332538604736	5.526056308638601	25.634702726401333	20.792394638061523	17.30606460571289	1683205.0	0.0	51.917302703857416	17.165008544921875	41.099872162779384	108.51780205905035	335.59051513671875	301.24261474609375	5866.0	107.23206520080566	466.3016662597656	328.19281005859375	0.13343959944650585	65.95969135076405	594.8972778320312	593.6760864257812	11354.0	485.2498718261719	708.5392791748047	67.75260162353516	0.9117380751450983	45.819774507669436	994.8051147460938	1000.0031127929688	70181.0	895.9205322265625	1072.5673828125	52.903377532958984	0.1707000434398651	0.4755631983280182	0.5088492631912231	0.5273572255606032
sub-06_ses-test_T1w	0.26727376367886635	4.687695461534026	0.4734531851938925	936.9659423828125	3.633871385720106	3.95098	3.496748333689769	3.45388582347055	0.2087576844511551	0.4493103531703171	0.3419319623785278	1.1836230754852295	0.3558301627635956	0.012947314774885865	0.05871450508542125	28.33650043803817	13.90468991988681	21.750679980556082	160	192	192	1.026643492618946	8.551541896940167	9.244883009940805	18.156463640263304	8.068184188409088	15.868552144652318	17.054816721271006	27.227713830751608	1.0	1.3333330154418945	1.3333330154418945	4.848203945199275	24.061425840277206	18.93692970275879	16.24641227722168	2487944.0	0.0	48.730281829833984	15.580260276794434	51.3311627345473	98.94392583276215	317.88525390625	296.32305908203125	5839.0	103.1005653381348	440.64725646972647	288.608154296875	0.17073838960892518	66.26518848758504	583.6383056640625	582.8099365234375	10623.0	473.3241790771484	697.1149658203125	68.14940643310547	1.3806730429343812	45.23927565319474	992.3040161132812	1000.0018920898438	69965.0	884.0629028320312	1068.1012451171875	55.076515197753906	0.17174775898456573	0.4752771854400635	0.5082154870033264	0.5540646525390182
sub-07_ses-retest_T1w	0.2852736486218861	4.447176238099337	0.5708766192609238	817.2261352539062	3.9072693149166895	4.26014	3.7331702225142855	3.7284977222357822	0.203264281943105	0.43707383412726686	0.35966188392962817	0.9460984468460083	0.31482140719890594	0.0	0.06566828548549139	24.10788982201828	11.87736078819831	17.24721804023935	160	192	192	0.7245322803884893	8.630360555433654	9.915818378527296	20.392562299759746	8.336280349282061	15.894572833613678	16.7805071303719	26.110668208219952	1.0	1.3333332538604736	1.3333332538604736	6.312805210314863	25.09110717498049	23.698755264282227	16.96661376953125	1856339.0	0.0	50.96127777099609	19.000450134277344	16.668169873794533	127.9612673244197	386.3684997558594	319.2716979980469	8571.0	86.63991165161133	1074.8447265625	440.6333312988281	0.3389191365911568	68.52727895744606	611.263427734375	608.7471923828125	14221.0	498.9250793457031	729.0894165039062	70.53306579589844	0.9583382299919552	43.09084170106095	997.4226684570312	1000.0140380859375	103107.0	909.8005920410156	1072.8332641601562	49.03793716430664	0.16605792939662933	0.47486642003059387	0.5144187808036804	0.5207628702719425
sub-07_ses-test_T1w	0.2746041017550003	4.595482375695768	0.5351465441219486	797.7513427734375	3.9042080926556806	4.25529	3.736770890915606	3.720563387051436	0.20631361906072765	0.4337262052376964	0.35996017570157596	1.1799914836883545	0.331009179353714	0.0	0.06534316866535739	23.85861572237729	11.946536691817554	17.324667004027617	160	192	192	0.809510715558492	8.629559803202241	9.788284146068984	19.92578191944622	8.469323021829387	16.136789655214727	17.195152078516223	26.979343558504553	1.0	1.3333330154418945	1.3333330154418945	4.47024886482402	24.283043607352333	22.727245330810547	16.39399528503418	2040131.0	0.0	49.20330619812012	18.04622459411621	20.587133697146417	117.52486617314592	364.8830261230469	313.9208068847656	8147.0	86.7225715637207	574.4120117187493	387.7669982910156	0.3474163106327355	67.85972789751467	599.4552612304688	598.1203002929688	13015.0	488.1089630126953	713.8295227050781	69.30797576904297	1.2923651834853542	42.49984590705093	995.3118896484375	1000.0064086914062	102713.0	900.9510620117187	1068.3246337890625	50.18631362915039	0.1674460917711258	0.47329312562942505	0.5140256881713867	0.5437934990102234
sub-08_ses-retest_T1w	0.3385725561652835	3.697124993527153	0.5944616080778634	258.092529296875	3.625897636765101	3.99408	3.4459127053924026	3.4377002049028995	0.2347959356169991	0.420095651257288	0.34510841312571294	1.1890851259231567	0.451061487197876	0.0	0.048456172599298825	23.899184599350132	13.520623343255377	20.236665273945878	160	192	192	1.5273223470081367	8.749405523321446	10.187619966974905	20.286132030595134	10.14279903559008	17.019826410505797	17.698233293298404	25.932074433799336	1.0	1.3333332538604736	1.3333332538604736	24.138384085695904	25.26385987870155	28.4066219329834	17.198223114013672	1602560.0	0.0	68.4682846069336	24.183198928833008	45.023264918373506	91.00982313407786	402.61053466796875	391.13421630859375	7296.0	136.51698303222656	537.3877716064453	256.07391357421875	0.15082478362566842	71.35036750186919	658.7667846679688	656.331298828125	8974.0	538.2446655273437	787.7049224853516	75.01020812988281	0.7061435157678932	45.010514764011255	997.3402709960938	1000.0120849609375	87783.0	910.0484802246094	1073.5453125	49.295074462890625	0.1572142392396927	0.45725202560424805	0.49204134941101074	0.5223895212616868
sub-08_ses-test_T1w	0.3167342280759979	3.9469942835402265	0.5399762946946149	248.5736846923828	3.6243938799509716	3.99514	3.4457933215411476	3.4322483183117667	0.23317262187229582	0.421709616931107	0.34511776119659715	1.2878382205963135	0.43070005774498	0.0	0.04826455621388783	23.960588266629514	13.463909521767848	20.184035419443497	160	192	192	1.3892590338662558	8.962932330211403	10.581292366068032	21.391685734126437	10.09839813148387	17.490015568996302	18.189511098680025	26.9801195955599	1.0	1.3333330154418945	1.3333330154418945	23.075323571003032	24.282560046829555	27.190614700317383	16.46426773071289	1754713.0	0.0	65.67332458496094	22.93606185913086	41.67890473318353	85.80705124974072	389.1465759277344	374.2960510253906	7109.0	130.17708435058597	512.2671997070311	269.40240478515625	0.0939936711075835	69.50403727937902	649.2689208984375	648.2655639648438	9212.0	531.340200805664	772.4557037353514	72.32347106933594	0.9574082593486297	41.90713078673772	996.5596313476562	1000.0152587890625	87923.0	912.3436950683594	1066.6414794921875	46.747581481933594	0.15459556877613068	0.45426538586616516	0.4921022951602936	0.5215521547365863
sub-09_ses-retest_T1w	0.29274761729165166	4.37638541005627	0.5345078219284367	1033.3087158203125	3.8875501481843084	4.20429	3.6830027195240684	3.775357725028856	0.231264972801616	0.4212659487396159	0.34746907845876807	1.1447991132736206	0.33889977931976323	0.0	0.05541546713079323	23.588708506140364	13.233880247079544	19.71097902286091	160	192	192	1.788625571290261	9.2727030014041	10.39177294795948	20.113990271184075	9.453362114943198	17.77915883261766	18.56180284844549	28.45288759777561	1.0	1.3333332538604736	1.3333332538604736	4.778863722241969	23.025234819472008	23.164379119873047	15.553878784179688	1956227.0	0.0	62.0007381439209	18.31585121154785	83.72253018451808	87.0638335319499	336.86968994140625	332.2451477050781	10261.0	139.73069763183594	476.27490234375	185.74539184570312	-0.01785886535858383	67.90031304735597	625.7277221679688	624.8612060546875	7614.0	514.9957855224609	737.5230407714843	67.38274383544922	1.4956736166789577	41.91979950686655	994.8259887695312	999.9970092773438	90853.0	900.7878173828125	1065.5119873046874	49.716217041015625	0.15490588545799255	0.4664148688316345	0.500683605670929	0.5601348818620892
sub-09_ses-test_T1w	0.2943625460589341	4.3930895872736135	0.49255372239087125	1094.6201171875	3.8810480915422656	4.19982	3.6706283751460016	3.7726958994807958	0.2311409546622374	0.42080732682598987	0.3480517185117727	1.1768543720245361	0.33496797084808305	0.0	0.053467236525097495	23.661039549668768	13.267417424277035	19.761174098079817	160	192	192	1.735129495006287	9.246031332942287	10.418113087779433	20.273178435389724	9.508867174662488	18.021374497945498	18.797143300576536	28.861188229121627	1.0	1.3333330154418945	1.3333330154418945	13.601174256980396	22.699549737785016	22.36229133605957	15.328376770019531	2409072.0	0.0	46.170933341979975	17.77894401550293	81.17067076205036	86.06870556583013	336.41888427734375	329.46881103515625	10164.0	139.07321243286134	478.3590682983398	189.87205505371094	-0.05444975254521678	69.10307228730147	625.2005004882812	624.4151611328125	7478.0	513.6638275146485	736.4558624267578	67.52880096435547	1.5835194852923493	41.454857478138415	994.9136962890625	999.9993896484375	90681.0	902.2349853515625	1064.8878173828125	49.32595443725586	0.15488630533218384	0.4641220271587372	0.4988308548927307	0.5699810641126
sub-10_ses-retest_T1w	0.3437448314308668	3.6764075753355745	0.5936380424079208	689.3658447265625	3.976212649809876	4.38846	3.8053802268183365	3.7347977226112916	0.2598284106800863	0.3912815330221594	0.3488900562977543	1.0554170608520508	0.49641459584236136	0.0	0.07140658563348466	17.272862824533505	10.99055498149935	15.67398466755597	160	192	192	2.7818039706634186	8.82789291134508	10.079781847110212	18.62964865932214	7.576553749006892	14.694640109439748	14.915527245894895	22.475387879238045	1.0	1.3333332538604736	1.3333332538604736	4.5515475517456805	29.14937613708954	29.233060836791992	19.73740577697754	1356915.0	0.0	59.38577232360841	22.394763946533203	58.023368665802224	96.84057895065828	330.4620361328125	337.108154296875	14518.0	120.57639503479004	495.24997100830075	121.17911529541016	0.26398707138757693	69.90559046203396	657.43701171875	653.8174438476562	6238.0	540.1026306152344	784.7224761962891	74.05674743652344	1.0795430229326195	49.09662945984991	999.5817260742188	1000.0109252929688	120739.0	911.1344604492188	1085.047314453125	53.67824172973633	0.1602044701576233	0.45110780000686646	0.49830952286720276	0.5023783956843995
sub-10_ses-test_T1w	0.30636750665323054	4.164329046675492	0.5429318939954915	766.85009765625	3.950045596307658	4.34685	3.786930902874685	3.71635588604829	0.254289915269411	0.39534725800004256	0.35036282673054636	1.2108551263809204	0.4365114510059356	0.0	0.07150715994491355	17.519140437289764	10.914343730429993	15.559543501154145	160	192	192	2.375109537955681	8.919113287665525	10.019362237648464	18.763863887324185	7.616560678651845	16.016188594630982	16.424755212552057	25.641516364373345	1.0	1.3333330154418945	1.3333330154418945	2.4098019828980624	25.549901481038965	25.512767791748047	17.260604858398438	1500818.0	0.0	51.9515489578247	19.535430908203125	91.45999150905017	100.30717060948254	289.64892578125	297.041015625	14130.0	98.31122779846191	450.1142303466797	125.05970764160156	0.16507827472123227	68.09446118333032	624.1742553710938	624.6211547851562	6963.0	507.9724456787109	738.9055603027343	70.02672576904297	1.18141465809635	46.910279838187684	996.6840209960938	1000.0028076171875	121417.0	901.741259765625	1076.412841796875	53.29385757446289	0.1635468602180481	0.4501818120479584	0.49763134121894836	0.5562873464947754
sub-11_ses-retest_T1w	0.3733943210693653	3.4180719784211284	0.6043306755653227	843.0596923828125	3.835302645293036	4.19307	3.813817727321251	3.4990202085578566	0.2645847770897548	0.3859885665984007	0.3494266563118445	1.2075307369232178	0.5123834609985352	0.0	0.06940467945240347	17.451465664523347	11.374244383479805	16.11023123566991	160	192	192	1.7980230755447255	8.551040615212736	10.080734596531327	19.893140098836515	8.90281913587695	15.5541636931883	15.854913549507076	23.10775781945598	1.0	1.3333332538604736	1.3333332538604736	2.85095760857645	28.351433406367875	27.3090763092041	19.15205192565918	1466854.0	0.0	57.52433795928955	20.576444625854492	47.93140551479567	91.23344866706626	399.94598388671875	385.2750244140625	10516.0	206.68171310424805	533.4967193603516	214.26683044433594	0.14934234211337527	76.72661036111326	675.0821533203125	673.1160888671875	8358.0	548.5288757324219	811.6136566162108	78.71273803710938	0.8734274054892008	45.330942892412644	998.3748779296875	1000.0025634765625	112295.0	912.1523010253907	1077.21279296875	50.268489837646484	0.1516689956188202	0.44354867935180664	0.49907079339027405	0.49963193326865224
sub-11_ses-test_T1w	0.3284585404922357	3.838683733098753	0.5587914614567036	846.7576904296875	3.807847243308364	4.16771	3.785633402565337	3.4701983273597543	0.2626933602994848	0.3859696714331101	0.35133696826740507	1.19923734664917	0.41591457128524767	0.0	0.06939671995402098	17.70641875996054	11.475114283788551	16.209529664584164	160	192	192	1.4981707098394017	9.173570732851655	10.657334518543784	21.300262112940295	9.148187811818389	16.647913134425963	16.98337865982348	25.154035033226087	1.0	1.3333330154418945	1.3333330154418945	1.593005302090737	26.04491475303719	25.028968811035156	17.588329315185547	1678018.0	0.0	52.806766510009766	18.757923126220703	40.76005134238724	84.69514483129055	385.5954284667969	363.6857604980469	9667.0	189.4256332397461	509.8831878662101	242.74066162109375	0.19409589722034504	69.18139212495508	662.5245971679688	661.8369750976562	8234.0	544.8628448486328	785.6846893310546	72.14167785644531	1.0198335701790695	41.89029948713799	997.0426025390625	999.9974365234375	111781.0	914.3186645507812	1067.6650390625	46.94744873046875	0.15018753707408905	0.44178035855293274	0.49795281887054443	0.5247886302968531
sub-12_ses-retest_T1w	0.34943660062384857	3.6637177034342394	0.5944145331426338	267.5768737792969	3.6130743035003126	3.95216	3.4404602050674082	3.4466027054335298	0.21011515045363696	0.41786317080496205	0.37202167874140096	1.1243361234664917	0.39530735015869145	0.0	0.057428412041746604	24.656950587560665	12.719858614359383	17.746821385500184	160	192	192	1.1587853400802102	8.975126238118937	10.415137939691663	21.111502240875843	9.562698720865125	16.90819262488642	17.26348613251616	25.319567051796927	1.0	1.3333332538604736	1.3333332538604736	29.306733290356306	25.87485698018282	26.83750343322754	17.494047164916992	1558154.0	0.0	69.83271560668945	21.045188903808594	28.392677486633453	119.77238761485879	389.3851623535156	377.682373046875	6137.0	98.05198364257812	552.7283203124998	325.9029846191406	0.01041236073827978	73.477309875213	669.29296875	667.79541015625	8950.0	551.2472717285157	797.329833984375	74.40097045898438	0.8376281032300223	42.60915886359114	997.4826049804688	1000.0057983398438	106471.0	913.9020385742188	1070.0377807617188	47.36759567260742	0.17215529084205627	0.46370625495910645	0.5160761475563049	0.5176227207594175
sub-12_ses-test_T1w	0.3400660765669264	3.7908422893919997	0.5475894662222625	254.4874725341797	3.6088588803932375	3.94297	3.4398683201285176	3.443738321051197	0.20827196448682403	0.4193814778963512	0.3723465576168248	1.3405838012695312	0.44080025553703317	0.0	0.05744614011844682	24.810532813487704	12.697017803959643	17.696287041205746	160	192	192	1.0873939214075117	9.122409128448828	10.535045939295117	21.39533476802901	9.575275374517735	17.46168503171373	17.78401795360601	26.31509345458656	1.0	1.3333330154418945	1.3333330154418945	14.652804723208536	24.89598060660333	25.827312469482422	16.853565216064453	1740048.0	0.0	67.21115608215332	20.040069580078125	27.91591299407851	121.08246901246712	382.439208984375	363.87213134765625	6276.0	97.65178298950195	547.5745239257812	334.6010437011719	-0.008189892774681962	72.37829840403683	665.2658081054688	663.5653076171875	9124.0	547.7942260742187	788.9614685058594	72.73615264892578	0.8491948882108011	42.03363700630992	997.0322875976562	1000.005615234375	106607.0	913.8499816894531	1067.8342163085938	46.73920440673828	0.17295707762241364	0.4639778733253479	0.5166850090026855	0.5342900676191739
sub-13_ses-retest_T1w	0.34148622069406753	3.8124813177392762	0.6045555539685739	239.37022399902344	3.844898477300315	4.2886	3.5813852134671933	3.664710218433751	0.239844074659056	0.4142975543657006	0.3458583709752434	2.8750758171081543	0.9749579310417174	0.0	0.08299372238849785	20.306130254876734	11.689362191290178	17.349672544080605	160	192	192	1.4667696066087639	8.768915258505226	10.517919955363132	21.3180750009754	9.58802211704386	18.658317348474444	18.896197188707763	28.442252100604986	1.0	1.3333332538604736	1.3333332538604736	1.164624867620926	23.03393890888195	25.508018493652344	16.105167388916016	1570975.0	0.0	63.030069732666014	18.568893432617188	57.9518186129369	78.90185222994825	353.9524230957031	337.1052551269531	11266.0	160.67472076416016	465.706298828125	229.8181610107422	0.022689613079598825	74.28928434461307	658.9234619140625	656.0077514648438	8050.0	538.5306396484375	785.2457275390625	74.80594635009766	0.7622706980753264	43.1797037236789	997.6688842773438	1000.0010986328125	103162.0	916.4256042480469	1069.8318481445312	46.90837478637695	0.1584181934595108	0.46108853816986084	0.5122987627983093	0.5804546319295149
sub-13_ses-test_T1w	0.332868112526658	3.827030787763896	0.5669662064813153	193.97366333007812	3.8667847458707683	4.31228	3.6008708585145137	3.6872033790977903	0.24187672260026744	0.4124907823054997	0.3456324950942329	1.2689322233200073	0.5161616206169128	0.0	0.08173231987085575	20.231041984957614	11.737399029222548	17.40406292359278	160	192	192	1.813472404134527	9.007017664521204	10.682152101004581	21.22596623435801	8.639634123979668	15.599466479963558	15.990730478398097	23.73309083125106	1.0	1.3333330154418945	1.3333330154418945	1.0087588409109491	27.60455014230831	30.127853393554688	18.816587448120117	1754860.0	0.0	74.8289653778076	21.796417236328125	69.55204210774254	85.11841581988064	373.43463134765625	364.0359802246094	12443.0	179.42212219238283	495.0715423583984	200.73167419433594	-0.04227431422167527	71.99534109271383	659.5785522460938	657.2925415039062	7851.0	540.9896240234375	783.49560546875	72.97095489501953	0.9592131938743154	42.0835427145317	997.1170654296875	1000.0075073242188	102940.0	914.1530242919922	1068.4559387207032	47.11223220825195	0.16065211594104767	0.4641786515712738	0.5117877125740051	0.5516967755945401
sub-14_ses-retest_T1w	0.32710580704093056	3.886753982981869	0.558233007428418	836.4760131835938	3.693265138821312	4.09269	3.4858577077733104	3.501247708690626	0.2414680547681198	0.406835718154165	0.3516962270777152	1.4675683975219727	0.5262199521064757	0.013210648715119348	0.06262555485250398	23.709609138352615	13.977912771986203	20.349273460659962	160	192	192	2.626442637116617	8.867037413981159	10.835918250167898	21.014274699405913	8.602471484107998	16.31765655163782	16.648694185754678	25.025954521518216	1.0	1.3333332538604736	1.3333332538604736	4.792931004462236	26.178459464663103	20.308223724365234	17.657102584838867	1703893.0	0.0	52.99789810180664	18.549306869506836	114.94451923663698	84.17032047723917	333.32318115234375	343.744384765625	9946.0	113.61693000793457	472.34413146972656	130.87173461914062	-0.035064883921965606	73.00060403493666	653.0567626953125	652.0338745117188	8203.0	531.3654296875	778.7363830566406	73.53009796142578	1.2199990403381955	40.8234122705742	996.0015869140625	1000.0069580078125	89284.0	908.5713836669922	1065.8662902832032	47.58676528930664	0.16787376999855042	0.46397456526756287	0.5182055234909058	0.5573751386496627
sub-14_ses-test_T1w	0.32592445403931114	3.908785492290865	0.5095914693152505	826.6348266601562	3.702594723344975	4.10315	3.493215832847555	3.511418337187371	0.23662985788857988	0.41072569597616865	0.3526444461352515	1.2614613771438599	0.44159486293792716	0.016389473167192446	0.061939438625796685	24.051110891756945	13.901018743541659	20.20777700785664	160	192	192	2.4339273408018864	8.762508931961557	10.696151088930423	20.892016994027827	8.14805681969423	16.228981810493085	16.465978388738318	25.02089653602763	1.0	1.3333330154418945	1.3333330154418945	2.859857705238654	26.183705106591447	22.38280487060547	17.675342559814453	1982851.0	0.0	53.027530670166016	17.65192222595215	102.58409528706976	91.00109076627477	317.8616027832031	325.6517639160156	10877.0	111.07656555175781	463.152862548828	133.79067993164062	-0.10579044541872884	73.69656922429985	650.20751953125	648.6204833984375	8568.0	527.8065460205078	775.3655731201172	74.01791381835938	1.3539128578908057	40.828298776909605	995.9857177734375	1000.0051879882812	89741.0	908.4907836914062	1065.873046875	47.86515426635742	0.17296366393566132	0.4657171070575714	0.518815815448761	0.5823582623858071
